wl,spn0.1
351,0.887581715
352,0.888092009
353,0.88859928
354,0.889103522
355,0.889604729
356,0.890102895
357,0.890598014
358,0.891090081
359,0.891579089
360,0.892065034
361,0.892547909
362,0.893027709
363,0.893504428
364,0.893978059
365,0.894448598
366,0.894916039
367,0.895380375
368,0.895841601
369,0.896299711
370,0.8967547
371,0.897206561
372,0.897655289
373,0.898100879
374,0.898543323
375,0.898982617
376,0.899418755
377,0.899851731
378,0.90028154
379,0.900708175
380,0.90113163
381,0.901551901
382,0.90196898
383,0.902382863
384,0.902793544
385,0.903200982
386,0.903605151
387,0.904006066
388,0.904403745
389,0.904798204
390,0.905189458
391,0.905577525
392,0.90596242
393,0.906344159
394,0.906722759
395,0.907098236
396,0.907470607
397,0.907839886
398,0.908206092
399,0.908569239
400,0.908929345
401,0.909286425
402,0.909640495
403,0.909991573
404,0.910339674
405,0.910684813
406,0.911027009
407,0.911366276
408,0.911702632
409,0.912036091
410,0.912366671
411,0.912694388
412,0.913019258
413,0.913341297
414,0.913660522
415,0.913976948
416,0.914290592
417,0.91460147
418,0.914909599
419,0.915214624
420,0.915516202
421,0.915814364
422,0.916109141
423,0.916400564
424,0.916688665
425,0.916973474
426,0.917255022
427,0.917533342
428,0.917808463
429,0.918080417
430,0.918349235
431,0.918614948
432,0.918877588
433,0.919137185
434,0.91939377
435,0.919647376
436,0.919898032
437,0.92014577
438,0.920390621
439,0.920632616
440,0.920871787
441,0.921108164
442,0.921341779
443,0.921572662
444,0.921800845
445,0.922026359
446,0.922249236
447,0.922469505
448,0.922687199
449,0.922902348
450,0.923114984
451,0.923325137
452,0.92353284
453,0.923735856
454,0.92393212
455,0.924121917
456,0.924305534
457,0.924483255
458,0.924655367
459,0.924822153
460,0.924983901
461,0.925140896
462,0.925293423
463,0.925441767
464,0.925586215
465,0.925727051
466,0.925864562
467,0.925999032
468,0.926130747
469,0.926259993
470,0.926387055
471,0.926512219
472,0.92663577
473,0.926757994
474,0.926879177
475,0.926999603
476,0.927119558
477,0.927239328
478,0.927359199
479,0.927479455
480,0.927600383
481,0.927722267
482,0.927845394
483,0.927970049
484,0.928096517
485,0.928225084
486,0.928352863
487,0.928476885
488,0.92859731
489,0.928714299
490,0.928828016
491,0.928938619
492,0.929046272
493,0.929151135
494,0.92925337
495,0.929353138
496,0.929450601
497,0.929545919
498,0.929639254
499,0.929730768
500,0.929820622
501,0.929908977
502,0.929995994
503,0.930081835
504,0.930166662
505,0.930250635
506,0.930333917
507,0.930416667
508,0.930499049
509,0.930581222
510,0.930663349
511,0.93074559
512,0.930828108
513,0.930911063
514,0.930994617
515,0.931078931
516,0.931164167
517,0.931250485
518,0.931338048
519,0.931427016
520,0.931516134
521,0.931604055
522,0.931690805
523,0.93177641
524,0.931860898
525,0.931944293
526,0.932026623
527,0.932107914
528,0.932188191
529,0.932267482
530,0.932345812
531,0.932423208
532,0.932499696
533,0.932575302
534,0.932650053
535,0.932723975
536,0.932797093
537,0.932869435
538,0.932941027
539,0.933011895
540,0.933082065
541,0.933151563
542,0.933220416
543,0.93328865
544,0.933356291
545,0.933423366
546,0.933489901
547,0.933555922
548,0.933621455
549,0.933686527
550,0.933751163
551,0.933815391
552,0.933879236
553,0.933942881
554,0.934006458
555,0.934069918
556,0.934133213
557,0.934196293
558,0.934259111
559,0.934321616
560,0.934383762
561,0.934445498
562,0.934506776
563,0.934567548
564,0.934627765
565,0.934687378
566,0.934746338
567,0.934804596
568,0.934862105
569,0.934918814
570,0.934974676
571,0.935029642
572,0.935083663
573,0.93513669
574,0.935188675
575,0.935239568
576,0.935289322
577,0.935337887
578,0.935385215
579,0.935431256
580,0.935475963
581,0.935519287
582,0.935561178
583,0.935601589
584,0.935640469
585,0.935677772
586,0.935713448
587,0.935747199
588,0.935778822
589,0.935808411
590,0.935836056
591,0.935861851
592,0.935885888
593,0.935908259
594,0.935929056
595,0.935948372
596,0.935966299
597,0.93598293
598,0.935998357
599,0.936012672
600,0.936025967
601,0.936038335
602,0.936049869
603,0.93606066
604,0.936070801
605,0.936080384
606,0.936089502
607,0.936098246
608,0.93610671
609,0.936114986
610,0.936123166
611,0.936131341
612,0.936139606
613,0.936148051
614,0.93615677
615,0.936165854
616,0.936175397
617,0.93618549
618,0.936196225
619,0.936207695
620,0.936219729
621,0.93623205
622,0.9362446
623,0.936257318
624,0.936270145
625,0.936283019
626,0.936295881
627,0.93630867
628,0.936321327
629,0.936333791
630,0.936346002
631,0.9363579
632,0.936369424
633,0.936380516
634,0.936391113
635,0.936401157
636,0.936410587
637,0.936419342
638,0.936427364
639,0.936434591
640,0.936440963
641,0.936446421
642,0.936450904
643,0.936454351
644,0.936456704
645,0.936457901
646,0.936457882
647,0.936456588
648,0.936453957
649,0.936449931
650,0.936444448
651,0.936437449
652,0.936428873
653,0.936418661
654,0.936411045
655,0.936409931
656,0.936414772
657,0.936425018
658,0.936440122
659,0.936459533
660,0.936482705
661,0.936509088
662,0.936538133
663,0.936569292
664,0.936602016
665,0.936635756
666,0.936669965
667,0.936704093
668,0.936737591
669,0.936769911
670,0.936800505
671,0.936828823
672,0.936854317
673,0.936876439
674,0.93689464
675,0.93690837
676,0.936917082
677,0.936920227
678,0.936917256
679,0.93690762
680,0.936890772
681,0.936866162
682,0.936833241
683,0.936791461
684,0.936740274
685,0.93667913
686,0.936607481
687,0.936524779
688,0.936437793
689,0.93635337
690,0.936271072
691,0.936190465
692,0.936111112
693,0.936032577
694,0.935954424
695,0.935876218
696,0.935797522
697,0.9357179
698,0.935636917
699,0.935554137
700,0.935469122
701,0.935381439
702,0.93529065
703,0.935196319
704,0.935098012
705,0.934995291
706,0.934887721
707,0.934774865
708,0.934656289
709,0.934531555
710,0.934400229
711,0.934261873
712,0.934116052
713,0.933962331
714,0.933800272
715,0.933629441
716,0.933449401
717,0.933259716
718,0.933059951
719,0.932849668
720,0.932628434
721,0.93239581
722,0.932147816
723,0.931881413
724,0.931597581
725,0.931297302
726,0.930981555
727,0.930651321
728,0.930307582
729,0.929951317
730,0.929583507
731,0.929205133
732,0.928817174
733,0.928420613
734,0.928016429
735,0.927605602
736,0.927189114
737,0.926767946
738,0.926343076
739,0.925915487
740,0.925486158
741,0.925056071
742,0.924626206
743,0.924197543
744,0.923771062
745,0.923347746
746,0.922928573
747,0.922514525
748,0.922106583
749,0.921705726
750,0.921312936
751,0.920929192
752,0.920555476
753,0.920192768
754,0.919842049
755,0.919493821
756,0.919138238
757,0.918775749
758,0.918406806
759,0.918031861
760,0.917651366
761,0.917265771
762,0.916875529
763,0.91648109
764,0.916082907
765,0.91568143
766,0.915277111
767,0.914870402
768,0.914461755
769,0.91405162
770,0.913640449
771,0.913228694
772,0.912816806
773,0.912405237
774,0.911994437
775,0.91158486
776,0.911176955
777,0.910771175
778,0.910367971
779,0.909967795
780,0.909571098
781,0.909178331
782,0.908789946
783,0.908406395
784,0.908028129
785,0.907655599
786,0.907289257
787,0.906929555
788,0.906576944
789,0.906237302
790,0.905915344
791,0.905609774
792,0.905319297
793,0.905042617
794,0.90477844
795,0.90452547
796,0.904282411
797,0.904047969
798,0.903820847
799,0.903599751
800,0.903383385
801,0.903170454
802,0.902959662
803,0.902749714
804,0.902539315
805,0.902327169
806,0.902111981
807,0.901892456
808,0.901667298
809,0.901435213
810,0.901194903
811,0.900945075
812,0.900684433
813,0.900411682
814,0.900125526
815,0.899824669
816,0.899507817
817,0.899173675
818,0.898820946
819,0.898448335
820,0.898054548
821,0.897638288
822,0.89720966
823,0.896779507
824,0.896347643
825,0.89591388
826,0.895478033
827,0.895039914
828,0.894599338
829,0.894156118
830,0.893710066
831,0.893260998
832,0.892808725
833,0.892353062
834,0.891893822
835,0.891430818
836,0.890963865
837,0.890492774
838,0.890017361
839,0.889537437
840,0.889052818
841,0.888563315
842,0.888068743
843,0.887568915
844,0.887063645
845,0.886552746
846,0.886036031
847,0.885513314
848,0.884984408
849,0.884449127
850,0.883907285
851,0.883358694
852,0.882803168
853,0.882240521
854,0.881670566
855,0.881093117
856,0.880505356
857,0.879904937
858,0.879292376
859,0.878668192
860,0.8780329
861,0.87738702
862,0.876731067
863,0.876065559
864,0.875391014
865,0.874707949
866,0.87401688
867,0.873318326
868,0.872612803
869,0.871900829
870,0.871182921
871,0.870459596
872,0.869731373
873,0.868998767
874,0.868262296
875,0.867522478
876,0.866779829
877,0.866034868
878,0.865288111
879,0.864540076
880,0.863791279
881,0.863042239
882,0.862293472
883,0.861545496
884,0.860798828
885,0.860053985
886,0.859311485
887,0.858571845
888,0.857835582
889,0.857107247
890,0.856390294
891,0.855683592
892,0.854986012
893,0.854296423
894,0.853613695
895,0.8529367
896,0.852264306
897,0.851595383
898,0.850928803
899,0.850263434
900,0.849598147
901,0.848931812
902,0.848263299
903,0.847591478
904,0.846915219
905,0.846233392
906,0.845544867
907,0.844848514
908,0.844143204
909,0.843427806
910,0.84270119
911,0.841962227
912,0.841209786
913,0.840442737
914,0.839659951
915,0.838860298
916,0.838042647
917,0.837205869
918,0.836348833
919,0.83547041
920,0.83456947
921,0.833644883
922,0.832695519
923,0.831726877
924,0.830745444
925,0.829751576
926,0.828745627
927,0.827727952
928,0.826698904
929,0.825658839
930,0.824608111
931,0.823547075
932,0.822476084
933,0.821395494
934,0.820305659
935,0.819206934
936,0.818099672
937,0.816984229
938,0.815860959
939,0.814730217
940,0.813592356
941,0.812447732
942,0.8112967
943,0.810139612
944,0.808976825
945,0.807808692
946,0.806635568
947,0.805457808
948,0.804275766
949,0.803089796
950,0.801900253
951,0.800707492
952,0.799511867
953,0.798313732
954,0.797113443
955,0.795911353
956,0.794707816
957,0.793465007
958,0.792148127
959,0.790762076
960,0.789311752
961,0.787802054
962,0.786237881
963,0.784624132
964,0.782965707
965,0.781267504
966,0.779534422
967,0.77777136
968,0.775983217
969,0.774174893
970,0.772351285
971,0.770517294
972,0.768677818
973,0.766837756
974,0.765002006
975,0.763175469
976,0.761363043
977,0.759569627
978,0.75780012
979,0.75605942
980,0.754352428
981,0.752684042
982,0.75105916
983,0.749482682
984,0.747959508
985,0.746494535
986,0.745092662
987,0.74375879
988,0.742497816
989,0.741314641
990,0.740214162
991,0.739144656
992,0.738053033
993,0.73694214
994,0.735814826
995,0.734673938
996,0.733522324
997,0.732362832
998,0.73119831
999,0.730031606
1000,0.728865568
1001,0.727703043
1002,0.726546879
1003,0.725399925
1004,0.724265028
1005,0.723145036
1006,0.722042797
1007,0.720961158
1008,0.719902969
1009,0.718871076
1010,0.717868328
1011,0.716897572
1012,0.715961656
1013,0.715063428
1014,0.714205737
1015,0.713391429
1016,0.712623353
1017,0.711904357
1018,0.711237288
1019,0.710624995
1020,0.710070325
1021,0.709576126
1022,0.709145247
1023,0.708780534
1024,0.708495333
1025,0.708298145
1026,0.70818455
1027,0.708150133
1028,0.708190473
1029,0.708301154
1030,0.708477757
1031,0.708715864
1032,0.709011057
1033,0.709358919
1034,0.70975503
1035,0.710194973
1036,0.710674331
1037,0.711188684
1038,0.711733615
1039,0.712304705
1040,0.712897538
1041,0.713507694
1042,0.714130756
1043,0.714762305
1044,0.715397924
1045,0.716033194
1046,0.716663698
1047,0.717285017
1048,0.717892734
1049,0.718482429
1050,0.719049686
1051,0.719590087
1052,0.720099212
1053,0.720572645
1054,0.721005966
1055,0.721394759
1056,0.721734604
1057,0.722021085
1058,0.722333126
1059,0.722747871
1060,0.723258224
1061,0.723857094
1062,0.724537385
1063,0.725292004
1064,0.726113858
1065,0.726995851
1066,0.727930892
1067,0.728911885
1068,0.729931738
1069,0.730983356
1070,0.732059645
1071,0.733153512
1072,0.734257864
1073,0.735365605
1074,0.736469643
1075,0.737562884
1076,0.738638234
1077,0.739688599
1078,0.740706885
1079,0.741685999
1080,0.742618847
1081,0.743498335
1082,0.744317369
1083,0.745068855
1084,0.745745701
1085,0.746340811
1086,0.746847092
1087,0.747257451
1088,0.747564794
1089,0.747762026
1090,0.747842055
1091,0.747863969
1092,0.747890235
1093,0.747918828
1094,0.747947719
1095,0.747974881
1096,0.747998288
1097,0.748015912
1098,0.748025727
1099,0.748025705
1100,0.748013819
1101,0.747988043
1102,0.747946348
1103,0.747886709
1104,0.747807098
1105,0.747705488
1106,0.747579852
1107,0.747428163
1108,0.747248394
1109,0.747038518
1110,0.746796507
1111,0.746520335
1112,0.746207975
1113,0.7458574
1114,0.745466582
1115,0.745033495
1116,0.744556111
1117,0.744032404
1118,0.743460346
1119,0.742837911
1120,0.742163071
1121,0.741433799
1122,0.740648069
1123,0.739803852
1124,0.738899123
1125,0.73791718
1126,0.736845541
1127,0.735688503
1128,0.734450367
1129,0.733135432
1130,0.731747996
1131,0.730292359
1132,0.728772819
1133,0.727193676
1134,0.725559229
1135,0.723873777
1136,0.722141618
1137,0.720367053
1138,0.71855438
1139,0.716707898
1140,0.714831906
1141,0.712930704
1142,0.71100859
1143,0.709069863
1144,0.707118823
1145,0.705159769
1146,0.703197
1147,0.701234814
1148,0.699277511
1149,0.69732939
1150,0.69539475
1151,0.69347789
1152,0.691583109
1153,0.689714707
1154,0.687876982
1155,0.686074233
1156,0.68431076
1157,0.682590861
1158,0.680846656
1159,0.679011161
1160,0.677090021
1161,0.67508888
1162,0.673013382
1163,0.670869172
1164,0.668661895
1165,0.666397195
1166,0.664080716
1167,0.661718102
1168,0.659314999
1169,0.656877051
1170,0.654409902
1171,0.651919197
1172,0.64941058
1173,0.646889695
1174,0.644362188
1175,0.641833702
1176,0.639309882
1177,0.636796373
1178,0.634298818
1179,0.631822863
1180,0.629374151
1181,0.626958328
1182,0.624581038
1183,0.622247925
1184,0.619964634
1185,0.617736808
1186,0.615570094
1187,0.613470134
1188,0.611442574
1189,0.609493058
1190,0.607627231
1191,0.605850736
1192,0.604106484
1193,0.602335573
1194,0.600540928
1195,0.598725478
1196,0.59689215
1197,0.595043869
1198,0.593183564
1199,0.591314161
1200,0.589438588
1201,0.58755977
1202,0.585680636
1203,0.583804112
1204,0.581933125
1205,0.580070603
1206,0.578219471
1207,0.576382657
1208,0.574563089
1209,0.572763692
1210,0.570987395
1211,0.569237123
1212,0.567515805
1213,0.565826366
1214,0.564171734
1215,0.562554837
1216,0.5609786
1217,0.559445951
1218,0.557959816
1219,0.556523124
1220,0.5551388
1221,0.553809772
1222,0.552538967
1223,0.551329312
1224,0.550183733
1225,0.549096249
1226,0.548057756
1227,0.547066501
1228,0.54612073
1229,0.545218689
1230,0.544358625
1231,0.543538783
1232,0.54275741
1233,0.542012752
1234,0.541303055
1235,0.540626566
1236,0.539981531
1237,0.539366195
1238,0.538778805
1239,0.538217608
1240,0.537680849
1241,0.537166775
1242,0.536673632
1243,0.536199666
1244,0.535743123
1245,0.53530225
1246,0.534875292
1247,0.534460497
1248,0.53405611
1249,0.533660377
1250,0.533271544
1251,0.532887859
1252,0.532507566
1253,0.532128913
1254,0.531750145
1255,0.531369509
1256,0.53098525
1257,0.530595616
1258,0.530198852
1259,0.529830414
1260,0.529524638
1261,0.529278092
1262,0.529087342
1263,0.528948955
1264,0.528859499
1265,0.52881554
1266,0.528813645
1267,0.528850381
1268,0.528922315
1269,0.529026013
1270,0.529158044
1271,0.529314974
1272,0.529493369
1273,0.529689798
1274,0.529900825
1275,0.53012302
1276,0.530352948
1277,0.530587177
1278,0.530822273
1279,0.531054804
1280,0.531281336
1281,0.531498436
1282,0.531702672
1283,0.53189061
1284,0.532058817
1285,0.53220386
1286,0.532322306
1287,0.532410723
1288,0.532465676
1289,0.532483733
1290,0.532461461
1291,0.532395427
1292,0.532326698
1293,0.532296854
1294,0.53230323
1295,0.532343161
1296,0.532413981
1297,0.532513026
1298,0.532637632
1299,0.532785132
1300,0.532952863
1301,0.533138159
1302,0.533338355
1303,0.533550786
1304,0.533772788
1305,0.534001696
1306,0.534234844
1307,0.534469567
1308,0.534703201
1309,0.534933081
1310,0.535156542
1311,0.535370919
1312,0.535573546
1313,0.53576176
1314,0.535932894
1315,0.536084285
1316,0.536213267
1317,0.536317175
1318,0.536393344
1319,0.53643911
1320,0.536451807
1321,0.536428771
1322,0.536367336
1323,0.536264838
1324,0.536118612
1325,0.535925992
1326,0.535738324
1327,0.535605443
1328,0.535522418
1329,0.53548432
1330,0.535486217
1331,0.535523179
1332,0.535590277
1333,0.535682579
1334,0.535795156
1335,0.535923077
1336,0.536061411
1337,0.536205229
1338,0.5363496
1339,0.536489594
1340,0.53662028
1341,0.536736728
1342,0.536834008
1343,0.536907189
1344,0.536951342
1345,0.536961535
1346,0.536932839
1347,0.536860323
1348,0.536739056
1349,0.536564109
1350,0.536330551
1351,0.536033452
1352,0.535667881
1353,0.535228908
1354,0.534711604
1355,0.534111036
1356,0.533422276
1357,0.532640392
1358,0.531760455
1359,0.530848453
1360,0.529970412
1361,0.529121459
1362,0.528296722
1363,0.527491326
1364,0.526700399
1365,0.525919067
1366,0.525142458
1367,0.524365698
1368,0.523583914
1369,0.522792233
1370,0.521985782
1371,0.521159687
1372,0.520309075
1373,0.519429074
1374,0.518514809
1375,0.517561409
1376,0.516563999
1377,0.515517707
1378,0.514417659
1379,0.513258982
1380,0.512036803
1381,0.510746249
1382,0.509382447
1383,0.507940523
1384,0.506415605
1385,0.504802818
1386,0.503097291
1387,0.50129415
1388,0.499388521
1389,0.497375532
1390,0.495250309
1391,0.493007979
1392,0.490643669
1393,0.488144344
1394,0.485504587
1395,0.48273095
1396,0.479829986
1397,0.47680825
1398,0.473672293
1399,0.47042867
1400,0.467083933
1401,0.463644635
1402,0.46011733
1403,0.456508571
1404,0.452824911
1405,0.449072903
1406,0.4452591
1407,0.441390055
1408,0.437472322
1409,0.433512454
1410,0.429517003
1411,0.425492524
1412,0.421445569
1413,0.417382691
1414,0.413310443
1415,0.409235379
1416,0.405164052
1417,0.401103015
1418,0.397058821
1419,0.393038023
1420,0.389047175
1421,0.385092829
1422,0.381181539
1423,0.377319858
1424,0.373514339
1425,0.369771535
1426,0.365947793
1427,0.361904529
1428,0.357655898
1429,0.353216059
1430,0.348599166
1431,0.343819375
1432,0.338890844
1433,0.333827729
1434,0.328644185
1435,0.32335437
1436,0.317972439
1437,0.312512549
1438,0.306988856
1439,0.301415517
1440,0.295806687
1441,0.290176523
1442,0.284539182
1443,0.278908819
1444,0.273299591
1445,0.267725655
1446,0.262201166
1447,0.256740281
1448,0.251357156
1449,0.246065947
1450,0.240880812
1451,0.235815905
1452,0.230885384
1453,0.226103405
1454,0.221484123
1455,0.217041696
1456,0.21279028
1457,0.208744031
1458,0.204917105
1459,0.201323658
1460,0.197833558
1461,0.194310717
1462,0.190760361
1463,0.187187716
1464,0.183598007
1465,0.179996461
1466,0.176388304
1467,0.172778761
1468,0.169173057
1469,0.16557642
1470,0.161994074
1471,0.158431246
1472,0.154893161
1473,0.151385045
1474,0.147912125
1475,0.144479625
1476,0.141092771
1477,0.13775679
1478,0.134476908
1479,0.131258349
1480,0.128106341
1481,0.125026108
1482,0.122022877
1483,0.119101873
1484,0.116268322
1485,0.113527451
1486,0.110884484
1487,0.108344648
1488,0.105913168
1489,0.103595271
1490,0.101396182
1491,0.099321128
1492,0.097375333
1493,0.095564023
1494,0.093898107
1495,0.092380954
1496,0.091006482
1497,0.089768607
1498,0.088661247
1499,0.08767832
1500,0.086813744
1501,0.086061435
1502,0.085415311
1503,0.08486929
1504,0.08441729
1505,0.084053227
1506,0.08377102
1507,0.083564585
1508,0.083427841
1509,0.083354705
1510,0.083339094
1511,0.083374925
1512,0.083456117
1513,0.083576587
1514,0.083730253
1515,0.083911031
1516,0.084112839
1517,0.084329596
1518,0.084555217
1519,0.084783622
1520,0.085008727
1521,0.08522445
1522,0.085424708
1523,0.08560342
1524,0.085754501
1525,0.085871871
1526,0.085949446
1527,0.085981143
1528,0.086049504
1529,0.086236977
1530,0.086537346
1531,0.086944395
1532,0.087451909
1533,0.088053669
1534,0.088743462
1535,0.089515068
1536,0.090362274
1537,0.091278862
1538,0.092258616
1539,0.09329532
1540,0.094382758
1541,0.095514712
1542,0.096684968
1543,0.097887308
1544,0.099115516
1545,0.100363377
1546,0.101624673
1547,0.102893189
1548,0.104162708
1549,0.105427014
1550,0.106679891
1551,0.107915122
1552,0.109126491
1553,0.110307781
1554,0.111452777
1555,0.112555263
1556,0.113609021
1557,0.114607836
1558,0.115545491
1559,0.11641577
1560,0.117212457
1561,0.117992251
1562,0.118814364
1563,0.119676345
1564,0.120575746
1565,0.121510117
1566,0.122477009
1567,0.123473972
1568,0.124498556
1569,0.125548312
1570,0.12662079
1571,0.127713542
1572,0.128824117
1573,0.129950066
1574,0.13108894
1575,0.132238289
1576,0.133395664
1577,0.134558615
1578,0.135724693
1579,0.136891447
1580,0.13805643
1581,0.13921719
1582,0.14037128
1583,0.141516248
1584,0.142649647
1585,0.143769025
1586,0.144871935
1587,0.145955926
1588,0.147018548
1589,0.148057353
1590,0.149069891
1591,0.150053712
1592,0.151006367
1593,0.151925407
1594,0.152808381
1595,0.153675577
1596,0.154548523
1597,0.155426635
1598,0.15630933
1599,0.157196023
1600,0.158086131
1601,0.158979069
1602,0.159874253
1603,0.1607711
1604,0.161669025
1605,0.162567444
1606,0.163465773
1607,0.164363428
1608,0.165259826
1609,0.166154381
1610,0.167046511
1611,0.167935631
1612,0.168821157
1613,0.169702504
1614,0.17057909
1615,0.171450329
1616,0.172315638
1617,0.173174434
1618,0.17402613
1619,0.174870145
1620,0.175705893
1621,0.176532791
1622,0.177350255
1623,0.1781577
1624,0.178954543
1625,0.1797402
1626,0.180514086
1627,0.181275617
1628,0.182022788
1629,0.182754497
1630,0.183471512
1631,0.184174603
1632,0.18486454
1633,0.185542093
1634,0.186208032
1635,0.186863126
1636,0.187508145
1637,0.188143859
1638,0.188771037
1639,0.189390449
1640,0.190002866
1641,0.190609055
1642,0.191209789
1643,0.191805835
1644,0.192397965
1645,0.192986946
1646,0.193573551
1647,0.194158547
1648,0.194742705
1649,0.195326794
1650,0.195911585
1651,0.196497846
1652,0.197086348
1653,0.197677861
1654,0.198273154
1655,0.198872996
1656,0.199478159
1657,0.20008941
1658,0.200707521
1659,0.20133326
1660,0.201967398
1661,0.202610704
1662,0.203256638
1663,0.203898294
1664,0.204535898
1665,0.205169674
1666,0.205799847
1667,0.206426641
1668,0.20705028
1669,0.20767099
1670,0.208288995
1671,0.208904519
1672,0.209517787
1673,0.210129023
1674,0.210738453
1675,0.2113463
1676,0.211952789
1677,0.212558145
1678,0.213162592
1679,0.213766355
1680,0.214369659
1681,0.214972727
1682,0.215575784
1683,0.216179056
1684,0.216782766
1685,0.217387139
1686,0.2179924
1687,0.218598773
1688,0.219206482
1689,0.219815753
1690,0.22042681
1691,0.221039877
1692,0.221655179
1693,0.222272941
1694,0.222893387
1695,0.223517532
1696,0.224146016
1697,0.224778502
1698,0.225414648
1699,0.226054118
1700,0.226696572
1701,0.227341671
1702,0.227989076
1703,0.228638448
1704,0.229289448
1705,0.229941739
1706,0.23059498
1707,0.231248832
1708,0.231902958
1709,0.232557017
1710,0.233210672
1711,0.233863583
1712,0.234515411
1713,0.235165818
1714,0.235814465
1715,0.236461012
1716,0.237105121
1717,0.237746453
1718,0.238384669
1719,0.23901943
1720,0.239650398
1721,0.240277233
1722,0.240899596
1723,0.24151715
1724,0.242129554
1725,0.24273647
1726,0.243337559
1727,0.243932482
1728,0.244520901
1729,0.245112299
1730,0.245715761
1731,0.246330344
1732,0.24695511
1733,0.247589116
1734,0.248231421
1735,0.248881086
1736,0.249537169
1737,0.250198729
1738,0.250864826
1739,0.251534519
1740,0.252206866
1741,0.252880927
1742,0.253555762
1743,0.254230429
1744,0.254903988
1745,0.255575497
1746,0.256244017
1747,0.256908605
1748,0.257568322
1749,0.258222226
1750,0.258869377
1751,0.259508834
1752,0.260139655
1753,0.260760901
1754,0.26137163
1755,0.261970902
1756,0.262557775
1757,0.263131309
1758,0.263690564
1759,0.264234597
1760,0.264762469
1761,0.265273238
1762,0.265765965
1763,0.266257734
1764,0.266765123
1765,0.267286424
1766,0.267819928
1767,0.268363928
1768,0.268916716
1769,0.269476584
1770,0.270041824
1771,0.270610728
1772,0.271181589
1773,0.271752699
1774,0.272322349
1775,0.272888833
1776,0.273450442
1777,0.274005468
1778,0.274552204
1779,0.275088941
1780,0.275613973
1781,0.27612559
1782,0.276622085
1783,0.277101751
1784,0.277562879
1785,0.278003762
1786,0.278422692
1787,0.278817961
1788,0.279187861
1789,0.279530684
1790,0.279844723
1791,0.280128269
1792,0.280379615
1793,0.280597053
1794,0.280778875
1795,0.280923373
1796,0.28102884
1797,0.281114253
1798,0.281199144
1799,0.281282636
1800,0.281363853
1801,0.28144192
1802,0.281515959
1803,0.281585094
1804,0.28164845
1805,0.281705149
1806,0.281754315
1807,0.281795073
1808,0.281826545
1809,0.281847856
1810,0.281858129
1811,0.281856487
1812,0.281842056
1813,0.281813957
1814,0.281771315
1815,0.281713254
1816,0.281638898
1817,0.281547369
1818,0.281437792
1819,0.28130929
1820,0.281160987
1821,0.280992007
1822,0.280801473
1823,0.280588509
1824,0.280352239
1825,0.280091787
1826,0.279806276
1827,0.279494829
1828,0.279156571
1829,0.278790625
1830,0.278419189
1831,0.27806326
1832,0.277720168
1833,0.277387241
1834,0.277061806
1835,0.276741191
1836,0.276422725
1837,0.276103735
1838,0.275781549
1839,0.275453495
1840,0.275116902
1841,0.274769096
1842,0.274407407
1843,0.274029162
1844,0.273631689
1845,0.273212317
1846,0.272768372
1847,0.272297183
1848,0.271796078
1849,0.271262385
1850,0.270693432
1851,0.270086547
1852,0.269439058
1853,0.268748293
1854,0.268011579
1855,0.267226246
1856,0.26638962
1857,0.265499029
1858,0.264551803
1859,0.263545268
1860,0.262476752
1861,0.261343585
1862,0.260143093
1863,0.258872604
1864,0.257527904
1865,0.256108854
1866,0.2546189
1867,0.253061488
1868,0.251440063
1869,0.249758069
1870,0.248018953
1871,0.246226159
1872,0.244383133
1873,0.24249332
1874,0.240560165
1875,0.238587114
1876,0.236577612
1877,0.234535105
1878,0.232463036
1879,0.230364853
1880,0.228243999
1881,0.226103921
1882,0.223948063
1883,0.221779871
1884,0.219602791
1885,0.217420267
1886,0.215235744
1887,0.213052669
1888,0.210874486
1889,0.20870464
1890,0.206546577
1891,0.204403743
1892,0.202279581
1893,0.200177539
1894,0.19810106
1895,0.196053591
1896,0.194038576
1897,0.191982246
1898,0.18981326
1899,0.187538711
1900,0.185165691
1901,0.182701292
1902,0.180152607
1903,0.177526727
1904,0.174830745
1905,0.172071752
1906,0.169256841
1907,0.166393104
1908,0.163487633
1909,0.16054752
1910,0.157579857
1911,0.154591736
1912,0.15159025
1913,0.148582491
1914,0.14557555
1915,0.142576521
1916,0.139592494
1917,0.136630562
1918,0.133697817
1919,0.130801351
1920,0.127948257
1921,0.125145627
1922,0.122400552
1923,0.119720125
1924,0.117111437
1925,0.114581582
1926,0.112137651
1927,0.109786736
1928,0.107535929
1929,0.105392323
1930,0.103363009
1931,0.101374916
1932,0.099352772
1933,0.097300368
1934,0.095221493
1935,0.093119937
1936,0.090999493
1937,0.088863948
1938,0.086717095
1939,0.084562724
1940,0.082404624
1941,0.080246587
1942,0.078092403
1943,0.075945862
1944,0.073810754
1945,0.07169087
1946,0.069590001
1947,0.067511936
1948,0.065460467
1949,0.063439383
1950,0.061452475
1951,0.059503534
1952,0.057596349
1953,0.055734712
1954,0.053922412
1955,0.05216324
1956,0.050460987
1957,0.048819442
1958,0.047242397
1959,0.045733641
1960,0.044296965
1961,0.04293616
1962,0.041655015
1963,0.040457322
1964,0.039350991
1965,0.038338517
1966,0.037415569
1967,0.036577813
1968,0.035820916
1969,0.035140546
1970,0.034532369
1971,0.033992054
1972,0.033515266
1973,0.033097674
1974,0.032734945
1975,0.032422746
1976,0.032156743
1977,0.031932605
1978,0.031745998
1979,0.03159259
1980,0.031468048
1981,0.031368038
1982,0.03128823
1983,0.031224288
1984,0.031171881
1985,0.031126677
1986,0.031084341
1987,0.031040541
1988,0.030990946
1989,0.03093122
1990,0.030857033
1991,0.030764051
1992,0.030647941
1993,0.030504371
1994,0.030329008
1995,0.030117518
1996,0.02986557
1997,0.02956883
1998,0.029263525
1999,0.028987986
2000,0.02874104
2001,0.028521513
2002,0.028328232
2003,0.028160023
2004,0.028015713
2005,0.027894127
2006,0.027794093
2007,0.027714436
2008,0.027653984
2009,0.027611562
2010,0.027585997
2011,0.027576116
2012,0.027580744
2013,0.027598709
2014,0.027628836
2015,0.027669952
2016,0.027720883
2017,0.027780456
2018,0.027847498
2019,0.027920834
2020,0.027999291
2021,0.028081695
2022,0.028166873
2023,0.028253652
2024,0.028340857
2025,0.028427315
2026,0.028511853
2027,0.028593296
2028,0.028670472
2029,0.028742206
2030,0.028807325
2031,0.028864656
2032,0.028916461
2033,0.028966265
2034,0.029014787
2035,0.029062748
2036,0.029110867
2037,0.029159864
2038,0.029210459
2039,0.029263371
2040,0.02931932
2041,0.029379026
2042,0.02944321
2043,0.029512589
2044,0.029587885
2045,0.029669817
2046,0.029759105
2047,0.029856468
2048,0.029962627
2049,0.030078301
2050,0.03020421
2051,0.030341073
2052,0.030489611
2053,0.030650543
2054,0.030824589
2055,0.031012469
2056,0.031214902
2057,0.031432608
2058,0.031666308
2059,0.03191672
2060,0.032184565
2061,0.032470562
2062,0.032775431
2063,0.033099892
2064,0.033444664
2065,0.033810468
2066,0.034192659
2067,0.034586131
2068,0.034990915
2069,0.035407038
2070,0.03583453
2071,0.03627342
2072,0.036723737
2073,0.03718551
2074,0.037658767
2075,0.038143539
2076,0.038639853
2077,0.03914774
2078,0.039667227
2079,0.040198344
2080,0.040741121
2081,0.041295585
2082,0.041861766
2083,0.042439694
2084,0.043029396
2085,0.043630902
2086,0.044244242
2087,0.044869443
2088,0.045506535
2089,0.046155548
2090,0.04681651
2091,0.047489449
2092,0.048174396
2093,0.048871379
2094,0.049580427
2095,0.050301569
2096,0.051034835
2097,0.051780252
2098,0.052537851
2099,0.05331611
2100,0.054122677
2101,0.054956333
2102,0.055815861
2103,0.056700043
2104,0.05760766
2105,0.058537495
2106,0.059488329
2107,0.060458944
2108,0.061448122
2109,0.062454644
2110,0.063477294
2111,0.064514852
2112,0.065566101
2113,0.066629822
2114,0.067704798
2115,0.068789809
2116,0.069883639
2117,0.070985069
2118,0.07209288
2119,0.073205856
2120,0.074322777
2121,0.075442426
2122,0.076563584
2123,0.077685033
2124,0.078805555
2125,0.079923933
2126,0.081038948
2127,0.082149381
2128,0.083254015
2129,0.084351632
2130,0.085441013
2131,0.086520941
2132,0.087590197
2133,0.088707851
2134,0.089928873
2135,0.091245895
2136,0.09265155
2137,0.094138468
2138,0.095699284
2139,0.097326627
2140,0.099013132
2141,0.10075143
2142,0.102534152
2143,0.104353932
2144,0.106203401
2145,0.108075192
2146,0.109961937
2147,0.111856267
2148,0.113750815
2149,0.115638213
2150,0.117511094
2151,0.119362089
2152,0.121183831
2153,0.122968951
2154,0.124710082
2155,0.126399856
2156,0.128030905
2157,0.129595861
2158,0.131087357
2159,0.132498024
2160,0.133820496
2161,0.135047402
2162,0.136171377
2163,0.137185052
2164,0.13808106
2165,0.138852031
2166,0.139529936
2167,0.140153107
2168,0.140723725
2169,0.141243971
2170,0.141716026
2171,0.14214207
2172,0.142524284
2173,0.142864848
2174,0.143165944
2175,0.143429751
2176,0.143658452
2177,0.143854225
2178,0.144019252
2179,0.144155714
2180,0.144265791
2181,0.144351663
2182,0.144415513
2183,0.144459519
2184,0.144485863
2185,0.144496726
2186,0.144494288
2187,0.14448073
2188,0.144458232
2189,0.144428976
2190,0.144395141
2191,0.144358909
2192,0.14432246
2193,0.144287974
2194,0.144257634
2195,0.144233618
2196,0.144218108
2197,0.144213285
2198,0.144221328
2199,0.14424442
2200,0.144208847
2201,0.144045182
2202,0.143762029
2203,0.143367996
2204,0.142871687
2205,0.142281709
2206,0.141606667
2207,0.140855167
2208,0.140035814
2209,0.139157215
2210,0.138227975
2211,0.1372567
2212,0.136251996
2213,0.135222468
2214,0.134176722
2215,0.133123365
2216,0.132071001
2217,0.131028236
2218,0.130003677
2219,0.129005928
2220,0.128043596
2221,0.127125287
2222,0.126259606
2223,0.125455159
2224,0.124720552
2225,0.12406439
2226,0.123495279
2227,0.123021826
2228,0.122652635
2229,0.122396312
2230,0.122261464
2231,0.122256696
2232,0.122390614
2233,0.122611533
2234,0.122861537
2235,0.123139883
2236,0.123445829
2237,0.123778632
2238,0.12413755
2239,0.12452184
2240,0.124930761
2241,0.125363569
2242,0.125819521
2243,0.126297876
2244,0.126797892
2245,0.127318824
2246,0.127859932
2247,0.128420472
2248,0.128999702
2249,0.129596879
2250,0.130211262
2251,0.130842107
2252,0.131488672
2253,0.132150215
2254,0.132825993
2255,0.133515264
2256,0.134217285
2257,0.134931313
2258,0.135656607
2259,0.136392423
2260,0.13713802
2261,0.137892654
2262,0.138655583
2263,0.139426065
2264,0.140203358
2265,0.140986718
2266,0.141775404
2267,0.142646376
2268,0.143670658
2269,0.1448386
2270,0.146140551
2271,0.147566863
2272,0.149107884
2273,0.150753966
2274,0.152495458
2275,0.154322711
2276,0.156226073
2277,0.158195896
2278,0.16022253
2279,0.162296325
2280,0.16440763
2281,0.166546796
2282,0.168704173
2283,0.170870111
2284,0.17303496
2285,0.17518907
2286,0.177322791
2287,0.179426474
2288,0.181490468
2289,0.183505124
2290,0.185460791
2291,0.18734782
2292,0.189156561
2293,0.190877363
2294,0.192500578
2295,0.194016554
2296,0.195415643
2297,0.196688194
2298,0.197824557
2299,0.198815083
2300,0.199710808
2301,0.200569607
2302,0.201392084
2303,0.202178844
2304,0.202930492
2305,0.203647632
2306,0.204330868
2307,0.204980807
2308,0.205598052
2309,0.206183208
2310,0.20673688
2311,0.207259672
2312,0.207752189
2313,0.208215036
2314,0.208648818
2315,0.209054139
2316,0.209431604
2317,0.209781817
2318,0.210105383
2319,0.210402908
2320,0.210674995
2321,0.210922249
2322,0.211145275
2323,0.211344678
2324,0.211521063
2325,0.211675033
2326,0.211807194
2327,0.211918151
2328,0.212008508
2329,0.212078869
2330,0.21212984
2331,0.212162026
2332,0.21217603
2333,0.212172457
2334,0.212111262
2335,0.211955866
2336,0.211712074
2337,0.211385695
2338,0.210982533
2339,0.210508395
2340,0.209969088
2341,0.209370418
2342,0.208718191
2343,0.208018215
2344,0.207276294
2345,0.206498237
2346,0.205689848
2347,0.204856935
2348,0.204005303
2349,0.20314076
2350,0.202269112
2351,0.201396164
2352,0.200527724
2353,0.199669598
2354,0.198827592
2355,0.198007512
2356,0.197215166
2357,0.196456359
2358,0.195736897
2359,0.195062588
2360,0.194439238
2361,0.193872653
2362,0.193368638
2363,0.192933002
2364,0.19257155
2365,0.192290088
2366,0.192094424
2367,0.191964961
2368,0.191876269
2369,0.191825404
2370,0.191809421
2371,0.191825373
2372,0.191870317
2373,0.191941307
2374,0.192035398
2375,0.192149645
2376,0.192281102
2377,0.192426825
2378,0.192583868
2379,0.192749286
2380,0.192920135
2381,0.193093469
2382,0.193266343
2383,0.193435811
2384,0.193598929
2385,0.193752752
2386,0.193894334
2387,0.19402073
2388,0.194128996
2389,0.194216185
2390,0.194279354
2391,0.194315556
2392,0.194321847
2393,0.194295281
2394,0.194232914
2395,0.1941318
2396,0.193988995
2397,0.193801552
2398,0.193566528
2399,0.193280976
2400,0.192941952
2401,0.192584447
2402,0.192243965
2403,0.191918329
2404,0.191605359
2405,0.191302879
2406,0.191008711
2407,0.190720676
2408,0.190436596
2409,0.190154295
2410,0.189871593
2411,0.189586314
2412,0.189296279
2413,0.18899931
2414,0.18869323
2415,0.188375861
2416,0.188045025
2417,0.187698543
2418,0.187334239
2419,0.186949934
2420,0.18654345
2421,0.18611261
2422,0.185655235
2423,0.185169149
2424,0.184652172
2425,0.184102127
2426,0.183516837
2427,0.182894123
2428,0.182231807
2429,0.181527713
2430,0.18077966
2431,0.179985473
2432,0.179142973
2433,0.178249982
2434,0.177325561
2435,0.176389777
2436,0.175441961
2437,0.174481442
2438,0.173507552
2439,0.172519621
2440,0.17151698
2441,0.170498959
2442,0.169464889
2443,0.168414101
2444,0.167345924
2445,0.16625969
2446,0.16515473
2447,0.164030372
2448,0.16288595
2449,0.161720792
2450,0.16053423
2451,0.159325593
2452,0.158094214
2453,0.156839421
2454,0.155560547
2455,0.15425692
2456,0.152927873
2457,0.151572735
2458,0.150190837
2459,0.14878151
2460,0.147344085
2461,0.145877891
2462,0.144382259
2463,0.142856521
2464,0.141300006
2465,0.139712045
2466,0.138091969
2467,0.136439108
2468,0.134754265
2469,0.133038871
2470,0.131293196
2471,0.12951751
2472,0.127712086
2473,0.125877193
2474,0.124013102
2475,0.122120085
2476,0.120198412
2477,0.118248355
2478,0.116270183
2479,0.114264167
2480,0.11223058
2481,0.110169691
2482,0.108081771
2483,0.105967091
2484,0.103825923
2485,0.101658536
2486,0.099465202
2487,0.097246192
2488,0.095001776
2489,0.092732225
2490,0.090437811
2491,0.088118804
2492,0.085775474
2493,0.083408093
2494,0.081016932
2495,0.078602261
2496,0.076164352
2497,0.073703474
2498,0.0712199
2499,0.068713899
2500,0.066185744
